source_file,call_title,pi_name,proposal_title,duration_months,site_count,subject_count,target_populations_count,data_waves_count,has_surveys,has_interviews,has_focus_groups,has_observations,has_tests,collection_mode,tool_development_type,languages_count,requires_translation,uses_admin_data,requires_data_linking,is_complex_design,budgeted_person_work,has_external_services,deliverables_level,has_special_equipment,is_multidisciplinary
אורטל_סלובדין_21.txt,קול קורא מס' 2021.11/27 למחקר בנושא החינוך בחברה הערבית בישראל,פרופ' אורטל סלובודין,"הארון הכפול: נוער להט""בי במערכת החינוך הערבית בישראל",18,80,80,-1,-1,0,1,0,0,0,Online,Unknown,3,-1,0,0,0,125280,1,Unknown,0,-1
אורטל_סלובדין_24.txt,קול קורא מס' 15/5.2024 למחקר בנושא חינוך בצל משבר מתמשך בחברה הערבית,"פרופ' אורטל סלובודין, פרופ' הללי פינסון",חסמים באיתור ובהשתתפות תלמידים/ות מהחברה הבדואית בתוכניות מחוננים ומצטיינים,18,8,100,2,1,0,1,0,0,0,Mixed,New,2,1,1,0,1,134676,1,Extended,0,1
אורי_כהן_21.txt,קול קורא מס' 27/11.2021 למחקר בנושא החינוך בחברה הערבית בישראל,אורי כהן,יחסי גומלין בין מנהל החינוך ברשות המקומית לבתי הספר התיכוניים העיוניים בחברה הערבית,18,25,65,3,-1,0,1,0,0,0,Field,Unknown,2,-1,0,0,0,248400,0,Unknown,0,-1
אורית_חזן_24.txt,"קול קורא מס' 27/8.24 למחקר בנושא ""קבלת החלטות בית ספריות מבוססות נתונים בקרב מנהלי בתי ספר""",אורית חזן,קבלת החלטות בית ספריות מבוססות נתונים בקרב מנהלי בתי ספר,16,25,175,1,2,1,1,0,0,0,Mixed,New,1,0,0,0,1,217500,1,Standard,0,0
אורלי_ליפקה_24.txt,קול קורא מס 15/5.2024 למחקר בנושא חינוך בצל משבר מתמשך בחברה הערבית,"אורלי ליפקה, תמר קציר",חוסן אישי ותחושת שלומות של מורים בחברה הערבית בישראל: השפעות על הישגי תלמידים בצל משבר מתמשך,18,-1,1255,2,2,1,0,1,0,1,Online,Adaptation,1,1,0,0,1,135000,1,Extended,0,1
אורלי_ליפקה_25.txt,"קול קורא מס' 24/9.2025 בנושא ""השפעות בינה מלאכותית יוצרת על תלמידים ועובדי הוראה: חקר מגמות, דפוסים והשפעות""",אורלי ליפקה,"בינה מלאכותית יוצרת: מהבנה ליישום במערכת החינוך - מגמות, דפוסים והשפעות בקרב תלמידים ומורים",36,10,4250,3,3,1,0,1,0,0,Mixed,Adaptation,1,1,0,0,1,287500,1,Standard,0,1
אורלי_רובינשטיין_24.txt,"קול קורא מס' 14/5.2024 למחקר ופיתוח בנושא הוראה, למידה והערכה של מתמטיקה בגילי היסוד","אורלי רובינשטיין, נגה כהן","""לדבר את החשיבה"" אימון תפקודים קוגניטביים גבוהים לצורך שיפור השגים בבעיות מילוליות מורכבות מחיי היומיום",36,5,320,2,2,1,0,0,1,1,Mixed,Adaptation,3,0,1,0,1,383000,1,Standard,0,1
אורלי_שפירא_21.txt,קול קורא למחקרים בנושא השפעות הקורונה,אורלי שפירא,"הערכת חוסר היציבות במסגרות לגיל הרך על רקע מגיפת הקורונה השלכות בקרב צוותי חינוך, הורים וילדים",-1,-1,1500,2,3,1,1,0,0,0,SurveyInstitute,Adaptation,1,0,0,0,1,240000,1,Extended,0,0
אורלי_שפירא_23.txt,"קול קורא מס' 34/9.2023 למחקר בנושא – שיקולים של בוגרי החמ""ד בבחירת קריירה בהוראה, בחירת מוסד הכשרה להוראה ובחירת התמחות והשמה בהוראה",אורלי שפירא-לשצינסקי,"שיקולים של בוגרי חמ""ד בבחירת קריירה בהוראה, בחירת מוסד הכשרה להוראה, בחירת התמחות והשמה בהוראה",18,10,200,-1,-1,1,1,0,0,0,Mixed,New,-1,0,-1,-1,-1,195000,1,Unknown,0,-1
אורלי_שפירא_ליפשיץ_24.txt,"קול קורא מס' 27/8.24 למחקר בנושא ""קבלת החלטות בית ספריות מבוססות נתונים בקרב מנהלי בתי ספר""",פרופ' אורלי שפירא-לשצינסקי,חוכמת הנתונים- לקראת פיתוח אסטרטגיות וכלים לקבלת החלטות בית ספריות מבוססות נתונים בקרב מנהלי בתי ספר,18,40,40,1,-1,0,1,0,0,0,Field,New,-1,0,0,0,0,147000,1,Extended,0,0
איאד_דקיק_2_-_21.txt,קול קורא מס' 27/11.2021 למחקר בנושא החינוך בחברה הערבית בישראל,דר' איאד דקידק,"מסגרות פיתוח מקצועי של מורי המדעים בחברה הערבית בישראל: מאפיינים, אפקטיביות והשלכות",18,-1,400,-1,-1,1,1,0,0,0,Mixed,Adaptation,-1,1,1,0,0,108000,1,Unknown,1,0
איאד_דקיק_21.txt,קול קורא מס׳ 27/11.2021 למחקר בנושא החינוך בחברה הערבית בישראל,"ד״ר נאיל עיסא, ד״ר איאד דקידק","מסגרות פיתוח מקצועי של מורי המדעים בחברה הערבית בישראל: מאפיינים, אפקטיביות והשלכות",18,-1,400,-1,-1,1,1,0,0,0,Mixed,Adaptation,-1,1,1,-1,-1,108000,1,Unknown,1,-1
אייזנקוט_25.txt,"קול קורא מס' 25/9.2025 למחקר בנושא ""היבטים חברתיים ורגשיים בשילוב AI במערכת החינוך""",ד' אייזנקוט,"היבטים חברתיים ורגשיים בשילוב במ""י במערכת החינוך: השפעות הבינה המלאכותית על מיומנויות והיבטים חברתיים ורגשיים של התלמידים ובחינת אסטרטגיות וכלים להתמודדות בית ספרית",24,-1,1000,1,2,1,0,0,0,0,Online,Adaptation,-1,0,0,0,0,72000,1,Extended,1,0
איילון_25.txt,"קול קורא מס' 25/9.2025 למחקר בנושא ""היבטים חברתיים ורגשיים בשילוב AI במערכת החינוך""",Unknown,לילו: סימולציית שיחה מבוססת מודלי שפה גדולים לשיפור אינטרקציה דיגיטלית אצל ילדים,24,7,430,2,2,1,1,0,0,0,Mixed,New,2,1,0,0,1,216000,0,Standard,0,1
אילן_רחימי_21.txt,קול קורא מס' 26/11.2021 למחקר בנושאים בחינוך הקשורים להשפעות תקופת הקורונה על מערכת החינוך,"ד""ר אילן דניאלס רחימי",המרחב הפיסי בהוראה אקדמית פוסט קורונה,18,1,750,-1,-1,1,0,0,0,0,Online,New,-1,-1,0,0,0,120000,1,Unknown,1,-1
אימאן_גרה_עלוש_23.txt,קול קורא מס' 33/9.2023 למחקר ופיתוח בנושא השפעת תהליכי התערבות על פיתוח אוריינות לשונית בשפה העברית והערבית לדוברי ערבית,"ד""ר אימאן גרה עלוש",שחק אותה: פיתוח אוריינות השפה העברית בקרב תלמידי יסודי דרך תוכנית התערבות ממושחקת,36,30,5000,1,2,1,1,0,0,1,Mixed,Adaptation,2,1,0,0,1,101000,1,Unknown,0,-1
אבו_נסרא_24.txt,קול קורא מס' 15/5.2024 למחקר בנושא חינוך בצל משבר מתמשך בחברה הערבית,"ד""ר מוחמד אבו נסרה",משאבים לחוסן של מורים ומנהלים ערבים בצל משבר מתמשך,18,27,500,5,-1,1,1,1,0,0,Field,Adaptation,1,1,0,0,1,75000,1,Extended,0,1
אבידב_אונגר_בלאו_25.txt,"קול קורא מס' 25.207/91 למחקר בנושא ""מחקר מלווה לפיילוט המבוסס על מודל חדש ללמידת מורים מקצועית""",פרופ' אורית אבידב-אונגר ופרופ' אינה בלאו,"בחינת יחסי הגומלין בין גורמים מקדמים ומעכבים לבין מודל חדש ללמידת מורים מקצועית: השפעת ממד הפדגוגי על ממד הארגוני והשפעת הֲעָלנּות, למידה בהכוונה עצמית, אוריינות דיגיטלית ומסוגלות קולקטיבית על פרסונליזציה ותרבות הלמידה",36,50,-1,4,3,1,1,0,1,0,Mixed,Adaptation,3,0,0,0,1,560000,1,Extended,0,1
אודרי_רקח_21.txt,קול קורא מס' 26/11.2021 למחקר בנושאים בחינוך הקשורים להשפעות תקופת הקורונה על מערכת החינוך,אודרי אדי רקח,יחסי הורים-מורים בצל ימי הקורונה: חברתי ומעמד כלכלי,18,43,-1,-1,-1,1,1,0,0,0,Mixed,Adaptation,-1,0,0,0,0,222213,1,Standard,0,0
אוסמה_סוידאן_25.txt,"קול קורא מס' 25/9.2025 למחקר בנושא ""היבטים חברתיים ורגשיים בשילוב AI במערכת החינוך""",פרופ' אוסאמה סוידאן,"רגב""א בכיתה: הבנת חוויות רגשיות של תלמידים והתערבות מורים בעת למידה עם בינה מלאכותית",24,2,-1,2,2,0,1,0,1,0,Field,Existing,-1,0,0,0,1,250400,1,Standard,0,1
בנטוב25.txt,"קול קורא מס' 24/9.2025 למחקר בנושא ""השפעות בינה מלאכותית יוצרת על תלמידים ועובדי הוראה: חקר מגמות, דפוסים והשפעות""",Unknown,"דפוסי שימוש והשפעות בינה מלאכותית יוצרת (במ״י) על תלמידים וצוותי הוראה: חקר דפוסים, מגמות והשפעות",36,-1,1900,2,3,1,1,1,0,1,SurveyInstitute,Adaptation,2,1,0,0,1,221400,1,Extended,0,1
ברוריה_עדיני_21.txt,קול קורא מס' 26/11.2021 למחקר בנושאים בחינוך הקשורים להשפעות תקופת הקורונה על מערכת החינוך,"ד""ר ברוריה עדיני",חוסן פונקציונלי של בתי הספר: הפקת לקחים ממגפת הקורונה במבט קדימה,18,100,-1,4,-1,1,1,0,0,0,Mixed,New,-1,0,1,0,0,99996,1,Unknown,0,0
גדעון_דישון_21.txt,קול קורא מס' 26/11.2021 למחקר בנושאים בחינוך הקשורים להשפעות תקופת הקורונה על מערכת החינוך,"ד""ר גדעון דישון",התמודדות עם משבר הקורונה בבתי ספר ייחודיים אידיאולוגיה חינוכית בין משבר להזדמנות,18,12,-1,3,-1,1,1,1,1,0,Field,Unknown,-1,-1,0,0,0,221508,1,Unknown,0,0
גוי_בנטוב_24.txt,קול קורא מס' 15/5.2024 בנושא חינוך בצל משבר מתמשך בחברה הערבית,"ד'ר ג'וי בנטוב, פרופ' סמי חמדאן","רווחה נפשית, התנהגויות סיכון ומעורבות אקדמית של מתבגרים ערבים: חשיבותם של גורמי חוסן אישיים משפחתיים וחברתיים",18,10,700,1,1,1,0,0,0,0,Online,Adaptation,2,1,0,0,1,126540,1,Extended,0,1
גוי_בנטוב_25.txt,"קול קורא מס' 18/7.2025 למחקר בנושא תוכנית ""בוחרים בחיים""","ד""ר ג'וי בנטוב, פרופ' נוגה כהן, ד""ר דנה לסרי","הערכת קבלת, יישמות, ויעילות התוכנית הבית ספרית למניעת אובדנות - ""בוחרים בחיים""",24,180,14400,3,3,1,1,0,0,1,Mixed,Adaptation,2,1,1,1,1,210000,1,Standard,0,1
גלי_בנימין_25.txt,"קול קורא מס' 24/9.2025 למחקר בנושא ""השפעות בינה מלאכותית יוצרת על תלמידים ועובדי הוראה: חקר מגמות, דפוסים והשפעות""","ד""ר גלי בנימין","אימוץ בינה מלאכותית בהוראה: השפעת גורמים ארגוניים, מנהיגותיים ואישיים על דפוסי השימוש של מורים בבינה מלאכותית בהוראה",36,100,400,2,-1,1,1,0,0,0,Mixed,New,-1,1,0,0,1,91000,1,Standard,1,1
גמאל_ריאן_21.txt,קול קורא מס' 27/11.2021 למחקר בנושא החינוך בחברה הערבית בישראל,"ד""ר גמאל ריאן",יצירת מודל הכשרה מבוסס חינוך טכנולוגי יישומי,18,16,-1,-1,-1,1,0,0,0,0,Mixed,Adaptation,-1,1,0,0,0,216000,1,Standard,1,-1
גמאל_ריאן_25.txt,"קול קורא מס' 2025.7/18 למחקר בנושא תוכנית ""בוחרים בחיים""",ג'מאל ריאן,זיהוי חוסר קשב ואתגרים התנהגותיים של תלמידים בכיתות מושפעות מלחמה באמצעות בינה מלאכותית ולמידה עמוקה,24,-1,-1,-1,-1,1,1,0,1,0,Mixed,New,2,-1,1,1,1,240000,1,Extended,0,1
דורית_טובין_25.txt,מחקר מלווה לפיילוט המבוסס על מודל חדש ללמידת מורים מקצועית,פרופ' דורית טובין,למידת מורים מקצועית בבית הספר,36,50,550,3,2,1,1,0,1,1,Mixed,New,1,0,0,0,1,748440,1,Extended,0,0
דינה_ציבולסקי_25__2_.txt,קול קורא מס' 19/7.2025 למחקר בנושא מחקר מלווה לפיילוט המבוסס על מודל חדש ללמידת מורים מקצועית,דינה ציבולסקי,מחקר מלווה לפיילוט המבוסס על מודל חדש ללמידת מורים מקצועית,36,50,-1,3,2,1,1,1,0,0,Mixed,New,-1,0,0,0,1,622000,1,Standard,0,0
דינה_ציבולסקי_25__3_.txt,"קול קורא מס' 17/7.2025 למחקר בנושא ""תוכניות ייחודיות לקידום איכות ומספר הסטודנטים להוראה במוסדות האקדמיים""",דינה ציבולסקי,תרומת תוכנית מבטים להכשרת אקדמאים להוראת STEM,36,-1,-1,3,2,1,1,0,0,0,Mixed,Adaptation,1,0,0,0,1,319182,1,Extended,0,1
אינה_בלאו_21.txt,קול קורא מס' 26/11.2021 למחקר בנושאים בחינוך הקשורים להשפעות תקופת הקורונה על מערכת החינוך,פרופ' אורית אבידב-אונגר,פוסט-קורונה בבתי ספר יסודיים ועל-יסודיים: גורמים בתרבות הבית ספרית לשימור ופיתוח של תהליכי הוראה-למידה דיגיטליים,18,-1,90,-1,-1,0,1,0,0,0,Online,Unknown,1,0,0,0,0,207000,1,Unknown,0,0
אינה_בלאו_24.txt,קבלת החלטות בית ספריות מבוססות נתונים בקרב מנהלי בתי ספר,פרופ' אינה בלאו,השימוש בנתונים בקבלת החלטות פדגוגיות: מיפוי חסמים ומקדמים בקרב הנהלה בית ספרית,18,30,60,2,2,0,1,0,1,0,Mixed,Adaptation,1,1,1,0,1,195000,1,Standard,0,0
איריס_בן_דוד_הדר_25.txt,"קול קורא מס' 19/7.2025 למחקר בנושא ""מחקר מלווה לפיילוט המבוסס על מודל חדש ללמידת מורים מקצועית""",איריס בן דוד הדר,הערכת השפעת פיילוט הלמידה המקצועית על התפתחות מורים ותוצאות למידה: מחקר משולב להערכת אפקטיביות,36,100,-1,3,3,1,1,1,1,1,Mixed,Adaptation,-1,1,1,1,1,715000,1,Extended,1,1
אלט_ועובד_25.txt,"קול קורא מס' 25/9.2025 למחקר בנושא ""היבטים חברתיים ורגשיים בשילוב AI במערכת החינוך""","דורית אלט, אורית עובד",פיתוח מדדי SEL-AI: למידה חברתית-רגשית של מורים בעידן הבינה המלאכותית,24,-1,1000,2,4,1,1,0,0,0,Mixed,New,2,1,0,0,1,209010,1,Extended,0,1
אלעד_כהן_וינדרד_25.txt,"קול קורא מס' 26/9.2025 למחקר בנושא ""מחקר מלווה רב תחומי לתכנית ישראל ריאלית: קידום מקצועות ה- STEM""","פרופ' ענת כהן, ד""ר עידית אדלר, ד""ר מרב וינגרדן","יש'ראלית - מחקר מלווה רב-תחומי לתכנית ""ישראל ריאלית"" - שינוי מערכתי בחינוך ל-STEM",48,-1,6500,4,3,1,1,1,1,1,Mixed,New,2,1,1,0,1,2760394.5,1,Extended,1,1
אסטרחן_גוטנג_ארווץ_25.txt,"השפעות בינה מלאכותית יוצרת על תלמידים ועובדי הוראה: חקר מגמות, דפוסים והשפעות",פרופ' קריסטה אסטרחן,פיתוח מיומנויות חברתיות-רגשיות לשיח פורה וקשוב בחברה מקוטבת: שילוב אימון מכוון בסביבה מבוססת בינה מלאכותית יוצרת,24,-1,250,2,-1,1,1,1,1,0,Mixed,Adaptation,-1,1,0,0,1,244000,1,Extended,0,1
אסף_משולם_21.txt,קול קורא מס' 27/11.2021 למחקר בנושא החינוך בחברה הערבית בישראל,"ד""ר אסף משולם",פדגוגיה רלוונטית תרבות בחברה הערבית בישראל,18,4,-1,-1,-1,0,1,0,1,0,Field,Unknown,2,1,0,0,0,185040,1,Unknown,0,0
בן_ציון_סלקמון_24.txt,"קול קורא מס' 27/8.24 למחקר בנושא ""קבלת החלטות בית ספריות מבוססות נתונים בקרב מנהלי בתי ספר""",בן ציון סלקמון,תהליכי קבלת החלטות מבוססי נתונים בקרב מנהלי בתי ספר על-יסודיים בעיר תל אביב,18,25,25,1,-1,0,1,0,1,0,Field,New,1,0,0,0,0,221239,0,Standard,0,0
בנטוב_25.txt,"קול קורא מס' 25/9.2025 למחקר בנושא ""היבטים חברתיים ורגשיים בשילוב AI במערכת החינוך""",Unknown,"חיזוק החוסן של תלמידים בגילאי 13-18 באמצעות התערבות מבוססת בינה מלאכותית יוצרת לחיזוק יכולות חברתיות-רגשיות: חמלה עצמית, מנטליזציה, הערכה מחדש, ותקשורת אפקטיבית",36,-1,600,2,4,1,1,1,0,0,SurveyInstitute,New,2,1,0,0,1,159000,1,Extended,0,1
חננאל_רוזנברג_21.txt,קול קורא מס' 27/11.2021 להגשת הצעות מחקר בנושא החינוך בחברה הערבית בישראל,"חננאל רוזנברג, אזי לב און","תקשורת מקוונת בין מורים-תלמידים בציבור הערבי בישראל, בשגרה ובמצבי חירום וקונפליקט",18,-1,-1,3,-1,1,1,1,0,0,Mixed,Adaptation,2,1,0,0,1,81782,1,Unknown,1,0
טלי_גזית_25.txt,"קול קורא מס' 25/9.2025 למחקר בנושא ""היבטים חברתיים ורגשיים בשילוב AI במערכת החינוך""",טלי גזית,מאהבה דיגיטלית להבנה רגשית: בחינת תרומת הבינה המלאכותית לפיתוח מיומנויות SEL בקרב מתבגרים,24,-1,270,2,2,1,1,0,0,0,Mixed,Adaptation,2,1,0,0,1,114000,1,Extended,0,1
טלי_טל_21.txt,קול קורא מס' 27/11.2021 למחקר בנושא החינוך בחברה הערבית בישראל,פרופ' טלי טל,"""כן, גם בשבילנו"": חינוך בסביבות למידה לא פורמאליות בחברה הערבית",18,-1,-1,7,-1,1,1,0,1,0,Field,Adaptation,2,1,0,0,0,202200,1,Unknown,0,0
טלי_רוה_24.txt,"קול קורא מס' 14/5.2024 למחקר ופיתוח בנושא הוראה, למידה והערכה של מתמטיקה בגילי היסוד",טלי רוה,הבנת הקשר בין מספר וגודל ככלי לפיתוח אוריינות מתמטית וצמצום פערים במתמטיקה בגילי 3-5 במחקר עיצובי,36,18,-1,2,2,1,0,0,1,1,Field,Adaptation,2,1,0,0,1,380000,0,Standard,1,1
יאיר_זיו_21.txt,קול קורא מס' 27.11/21 למחקר בנושא החינוך בחברה הערבית בישראל,פרופ' יאיר זיו,החינוך בחברה הערבית בישראל,18,120,2440,-1,2,1,1,0,1,0,Mixed,Unknown,-1,-1,0,0,1,234000,0,Unknown,0,-1
יאיר_זיו_23.txt,תכניות להכשרה פדגוגית של מחנכים מטפלים במעונות יום לפעוטות,"פרופ' יאיר זיו, פרופ' אסתר עדי יפה",הערכת תכניות להכשרה פדגוגית של מחנכים מטפלים במעונות היום לפעוטות בישראל,36,160,-1,-1,3,1,1,0,1,0,Mixed,Unknown,-1,1,0,0,1,684000,0,Unknown,0,-1
יאסר_עואד_24.txt,קול קורא מס 15/5.2024 בנושא מחקר חינוך בצל משבר מתמשך בחברה הערבית,פרופ' יאסר עואד,רווחה והתנהגות סיכון בקרב תלמידים בתקופת המשבר המתמשך בחברה הערבית,18,60,3000,3,1,1,1,0,0,0,Mixed,Adaptation,3,1,1,0,1,158239,0,Standard,0,1
יבגני_רשקובסקי_24.txt,"קול קורא מס' 27/8.24 למחקר בנושא ""קבלת החלטות בית ספריות מבוססות נתונים בקרב מנהלי בתי ספר""","דר' יבגני רשקובסקי, דר' אנליה שלוסר","קבלת החלטות מבוססות נתונים בבתי ספר על יסודיים ל: שיפור הישגים, מניעת נשירה ולחלוקת משאבים",18,60,100,3,2,1,1,0,0,0,Mixed,Adaptation,-1,0,1,1,1,164185,1,Extended,0,0
יהודה_פולק_21.txt,קול קורא מס' 27.11/2021 למחקר בנושא החינוך בחברה הערבית בישראל,יהודה פולק,התנהגות סיכונית בקרב תלמידי תיכון במזרח ירושלים: גורמי סיכון וחוסן,18,10,1060,2,1,1,0,0,0,0,Field,Adaptation,1,1,0,0,1,136000,1,Unknown,0,-1
יהודה_פולק_24.txt,קול קורא מס 15/5.2024 למחקר בנושא חינוך בצל משבר מתמשך בחברה הערבית,יהודה פולק,התנהגות סיכונית בקרב תלמידים במזרח ירושלים בעקבות מלחמת חרבות ברזל,18,9,1300,2,2,1,0,0,0,0,Field,Adaptation,1,1,0,0,1,162000,0,Extended,0,0
יהודית_דורי_21.txt,קול קורא מס' 27/11.2021 למחקר בנושא החינוך בחברה הערבית בישראל,פרופ' יהודית דורי,"הכשרת מורים ופיתוח מקצועי בחברה הערבית – היבט מערכתי, הצהרתי ויישומי",18,-1,715,-1,-1,1,1,0,0,0,Mixed,Adaptation,2,1,0,0,1,206482,1,Unknown,0,0
יוליה_ליפשיץ_23.txt,"קול קורא מס' 34/9.2023 למחקר בנושא – שיקולים של בוגרי החמ""ד בבחירת קריירה בהוראה, בחירת מוסד הכשרה להוראה ובחירת התמחות והשמה בהוראה","ד""ר יוליה ליפשיץ-ברזילר","פרופילים של ההלימה למקצוע ההוראה של בוגרי חמ""ד והקשר שלהם למאפיינים אישיים והיבטים אקדמיים-מקצועיים",18,-1,1500,3,-1,1,0,1,0,0,Online,Adaptation,-1,0,0,0,0,247400,1,Extended,0,0
יוליה_ליפשיץ_24.txt,קול קורא מס' 15/5.2024 בנושא חינוך בצל משבר מתמשך בחברה הערבית,פרופ' משה טטר,רווחה רגשית ומשאבי התמודדות של יועצים חינוכיים מהחברה הערבית בצל המשבר המתמשך,18,-1,500,1,1,1,0,0,0,0,Online,Adaptation,2,1,0,0,1,82000,1,Standard,0,0
דינה_ציבולסקי_25.txt,"קול קורא מס' 18/7.2025 למחקר בנושא תוכנית ""בוחרים בחיים""","פרופ""ח דינה ציבולסקי","רגשות אפיסטמיים, חוסן וסוכנות מוסרית בקרב תלמידים: למידה מבוססת אוצרות דיגיטלית של תכני ""בוחרים בחיים""",24,-1,100,1,2,1,1,0,1,0,Mixed,New,1,0,0,0,1,210000,1,Standard,0,1
דרור_דותן_24.txt,"קול קורא מס' 14/5.2024 למחקר ופיתוח בנושא הוראה, למידה והערכה של מתמטיקה בגילי היסוד",דרור דותן,פיתוח פרקטיקות פדגוגיות ללמידה קלה ואפקטיבית של יכולות חישוב בבית הספר היסודי בהתחשב ביתרונות ובמגבלות של כישורים קוגניטיביים של ילדים.,36,-1,-1,-1,-1,0,0,0,0,1,Field,New,-1,0,0,0,1,281440,1,Standard,0,1
הדר_שובל_חן_25.txt,"קול קורא מס' 25/9.2025 למחקר בנושא ""היבטים חברתיים ורגשיים בשילוב AI במערכת החינוך""",Unknown,Unknown,24,-1,150,1,1,1,0,0,0,0,Field,Adaptation,1,0,0,0,1,149608,1,Extended,1,1
הישאם_גובראן_21.txt,קול קורא מס' 27/11.2021 למחקר בנושא החינוך בחברה הערבית בישראל,הישאם גוברן,Unknown,18,-1,-1,-1,-1,-1,-1,-1,-1,-1,Unknown,Unknown,-1,-1,-1,-1,-1,193661.99999999994,1,Unknown,0,-1
זהבית_גרוס_21.txt,קול קורא מס' 27.11/2021 למחקר בנושא החינוך בחברה הערבית בישראל,פרופ' זהבית גרוס,מאפייני פעילות החינוך הבלתי פורמאלי בבית הספר העל יסודי הערבי כמנבאים את הישגי התלמידים והמאפיינים הרגשיים-חברתיים שלהם,18,50,2000,4,-1,1,1,1,0,0,Mixed,Unknown,2,1,0,0,-1,94950,1,Unknown,0,-1
זהבית_גרוס_24.txt,"קול קורא מס' 26/8.24 למחקר בנושא ""התנדבות תלמידים בעת מלחמת """"חרבות ברזל""""""",פרופסור זהבית גרוס,"התנדבות מיטבית של תלמידים יהודים, ערבים ודרוזים במהלך תקופת מלחמת חרבות ברזל",18,-1,280,3,1,1,1,0,0,0,Online,Existing,-1,0,0,0,1,30000,1,Extended,0,1
חניתה_קושר_24.txt,"קול קורא מס' 26/8.24 למחקר בנושא ""התנדבות תלמידים בעת מלחמת """"חרבות ברזל""""""","ד""ר חניתה קושר וד""ר נגה פיטובסקי",Unknown,18,30,150,-1,1,1,1,0,0,0,Mixed,Adaptation,2,1,0,0,0,115541.85,1,Standard,1,0
סמי_מחגאנה_21.txt,קול קורא מס' 27.11/2021 למחקר בנושא החינוך בחברה הערבית בישראל,סמי מחגאנה,"השפעתם של התוכניות להכשרת מורים ערבים על מסוגלות הוראה, מוטיבציה להוראה, שביעות רצון מבחירת מקצוע ההוראה ומוכנות להתמדה במקצוע: מחקר אורך",18,2,800,-1,2,1,1,0,0,0,Field,Adaptation,-1,-1,0,0,0,193662,1,Extended,0,0
עביר_עסלה_25.txt,"השפעות בינה מלאכותית יוצרת על תלמידים ועובדי הוראה: חקר מגמות, דפוסים והשפעות","ד""ר עביר עסאלה-בדארנה","השפעות בינה מלאכותית יוצרת על תלמידים ועובדי הוראה: חקר מגמות, דפוסים והשפעות",36,-1,1450,3,3,1,1,1,0,0,Mixed,Adaptation,2,1,1,1,1,226000,1,Extended,0,1
עדינה_שמיר_21.txt,קול קורא מס' 27/11.2021 למחקר בנושא החינוך בחברה הערבית בישראל,Unknown,פעילות עם ספר אלקטרוני לקידום אוריינות תלמידים עם לקות למידה דוברי השפה הערבית כשפת אם ועברית כשפה שניה,18,-1,320,2,2,1,0,0,0,1,Field,Adaptation,2,1,0,0,1,200000,1,Unknown,1,-1
עומר_לינקובסקי_25.txt,"קול קורא מס' 25/9.2025 למחקר בנושא ""היבטים חברתיים ורגשיים בשילוב AI במערכת החינוך""",עומר לינקובסקי,התנהלות תלמידים עם מודלי בינה מלאכותית לזיהוי תסמינים נפשיים,24,-1,111,1,1,1,0,0,0,1,Online,New,1,0,0,0,1,249600,0,Standard,0,-1
עינב_עמרם_אשרוב_24__2_.txt,קול קורא מס 15/5.2024 למחקר בנושא חינוך בצל משבר מתמשך בחברה הערבית,עינב עמרם אשרוב,"תרומת ההשתתפות בתוכנית המד""צים - מעורבות אזרחית והתמודדות עם מצבי לחץ בעת משבר על בני נוער מהחברה הערבית. מחקר אורך.",24,-1,600,2,2,1,1,0,0,0,Mixed,Adaptation,2,1,0,0,1,123000,1,Standard,1,0
עינב_עמרם_אשרוב_24.txt,"קול קורא מס' 26/8.24 למחקר בנושא ""התנדבות תלמידים בעת מלחמת """"חרבות ברזל""""","ד""ר עינב עמרם אשרוב",הסברה ומעורבות בעת מלחמה,18,-1,600,3,2,1,1,0,0,0,Mixed,Adaptation,-1,0,0,0,1,143000,1,Extended,1,0
עינת_הד_24.txt,"קול קורא מס' 14/5.2024 למחקר ופיתוח בנושא הוראה, למידה והערכה של מתמטיקה בגילי היסוד",פרופ' עינת הד מצויינים,פרקטיקות הוראה היכולות למנוע מעגלי כישלון ולמנף אותן ללמידת מתמטיקה של תלמידי כיתות היסודי הגבוהות,36,4,100,2,4,0,1,0,1,1,Field,Adaptation,1,0,1,0,1,388000,1,Extended,1,0
ענבל_לבשקוביץ_25.txt,"קול קורא מס' 2025.7/18 למחקר בנושא תוכנית ""בוחרים בחיים""",פרופ' ענבר לבקוביץ,"תוכנית ""בוחרים בחיים"" במבט רב-תרבותי: הערכת השפעת תוכנית מניעת אובדנות בקרב תלמידים, הורים וצוותי חינוך מהחברה היהודית והערבית",24,-1,840,3,2,1,1,0,0,0,Mixed,Adaptation,2,1,0,0,1,244805.1836734694,1,Extended,1,1
מירי_ימיני_21.txt,קול קורא מס' 26/11.2021 למחקר בנושאים בחינוך הקשורים להשפעות תקופת הקורונה על מערכת החינוך,Unknown,הוראה ולמידה מרחוק בעתות של ריחוק חברתי - חקר אורבני סוציולוגי,18,16,3820,3,-1,1,1,1,1,0,Mixed,New,2,1,0,0,0,199578,1,Unknown,0,1
מירי_ימיני_24__2_.txt,"קול קורא מס' 27/8.24 למחקר בנושא ""קבלת החלטות בית ספריות מבוססות נתונים בקרב מנהלי בתי ספר""",פרופ' מירי ימיני,"קבלת החלטות מבוססות נתונים – סקר, שיח מנהלים ומהלך התערבות בעיר אריאל",18,6,-1,2,3,1,1,0,0,0,Mixed,New,1,0,0,0,1,180000,1,Extended,0,0
מירי_ימיני_24.txt,"קול קורא מס' 26/8.24 למחקר בנושא ""התנדבות תלמידים בעת מלחמת """"חרבות ברזל""""""""",פרופ' מירי ימיני,התנדבות בני נוער – בחינה השוואתית של מרכיב ההתנדבות בתכניות לימודים לבגרות,18,-1,-1,-1,-1,0,1,0,0,0,Field,New,-1,0,0,0,0,180000,1,Extended,0,0
מירי_שרף_24.txt,"קול קורא מס' 26/8.24 למחקר בנושא ""התנדבות תלמידים בעת מלחמת """"חרבות ברזל""""""""""",מירי שרף,עושים טוב ומרגישים טוב – התנדבות בני נוער והשלכותיה,18,-1,1200,-1,2,1,1,1,0,0,Mixed,Adaptation,-1,1,0,0,1,214655,1,Extended,0,0
מישר_טל_25.txt,"השפעות בינה מלאכותית יוצרת על תלמידים ועובדי הוראה: חקר מגמות, דפוסים והשפעות","ד""ר חגית מישר-טל",דפוסי שימוש בבינה מלאכותית יוצרת של תלמידים ומורים,36,5,500,2,-1,1,1,0,0,0,Mixed,New,-1,0,0,0,1,350000,1,Extended,1,1
מרואה_סרסור_21.txt,קול קורא מס' 27/11.2021 למחקר בנושא החינוך בחברה הערבית בישראל,מרואה סרסור,"החינוך ל- STEM מנקודת מבט הגננות וההורים בגיל הרך בחברה הערבית בישראל: תפיסות, עמדות, מיומנויות, כישורים, סביבה וחסמים.",18,-1,600,2,-1,1,0,0,1,0,Unknown,New,1,0,1,0,0,193661.99999999994,1,Unknown,0,1
משה_טטר_21.txt,קול קורא מס' 26/11.2021 למחקר בנושאים בחינוך הקשורים להשפעות תקופת הקורונה על מערכת החינוך,פרופ' משה טטר,"תפקוד חברתי-רגשי ולימודי בקרב מתבגרים בעקבות תקופת הקורונה, כפונקציה של התמודדות, חוסן, וחשיפה לאירועי לחץ מתמשכים",18,-1,1200,1,-1,1,1,0,0,0,Online,Adaptation,1,0,0,0,1,231000,1,Standard,0,0
נועה_ודר_וייס_24.txt,"קול קורא מס' 26/8.24 למחקר בנושא ""התנדבות תלמידים בעת מלחמת """"חרבות ברזל""""""""",פרופ' דנה ודר וייס,תהליכי חקירת והבניית זהות בהתנדבות נוער בעתות משבר והתמיכה בהם,18,1,60,3,2,0,1,0,0,0,Field,New,1,0,0,0,1,198053,1,Standard,0,0
נטע_אחדות_21.txt,קול קורא מס' 27/11.2021 להגשת הצעות מחקר בנושא החינוך בחברה הערבית בישראל,נטע אחדות,"הקשר בין מאפייני התלמיד ומאפייני היישוב לקורבנות לאלימות, תחושת מוגנות בבית הספר, התנהגויות סיכון, רווחה נפשית, מעורבות בלמידה והישגים אקדמיים בקרב תלמידים בחברה הערבית: התפקיד הממתן של אקלים בית הספר",18,160,-1,-1,1,1,0,1,0,0,Mixed,Adaptation,-1,1,1,1,1,193083,1,Standard,0,0
ניצב_דוידוביץ_25.txt,"השפעות בינה מלאכותית יוצרת על תלמידים ועובדי הוראה: חקר מגמות, דפוסים והשפעות",פרופ' ניצה דוידוביץ',"דפוסי שימוש והשפעות בינה מלאכותית יוצרת על תלמידים ומורים: מחקר אורך משולב עם התמקדות בתכנית ""פריזמה"" כמקרה בוחן",36,-1,-1,-1,3,1,0,0,0,0,Online,Unknown,-1,0,0,0,1,360000,1,Extended,1,-1
ניצה_דוידוביץ_23.txt,קול קורא מס' 32/9.2023 למחקר בנושא תכניות להכשרה פדגוגית של מחנכים מטפלים במעונות יום לפעוטות,פרופ' ניצה דוידוביץ',פיתוח קריירה בטיפול בפעוטות במעונות היום: מעיסוק לפרופסיה,36,-1,800,-1,-1,1,1,0,0,1,Mixed,Adaptation,-1,0,0,0,1,-1,0,Unknown,0,-1
נעמי_שרויאר_21.txt,קול קורא מס' 27.11/2021 למחקר בנושא החינוך בחברה הערבית בישראל,פרופ' נעמי שרויאר,"יישום תוכנית הכנה לחיי עבודה (בלשנ""א) לבני נוער בסיכון בחברה הערבית בישראל ותרומתה לידע תעסוקתי, ליכולת סנגור עצמי ולפיתוח אוריינטציית עתיד",18,3,75,4,2,1,1,0,1,1,Field,Adaptation,2,1,0,0,1,93000,1,Extended,0,1
ציפי_הורוביץ_קראוס_24.txt,"קול קורא מס' 14/5.2024 למחקר ופיתוח בנושא הוראה, למידה והערכה של מתמטיקה בגילי היסוד.",פרופ' ציפי הורוביץ קראוס,השפעת אופן ההקנייה של יכולות מתמטיות וגיאומטריות על ידי שיח דיאלוגי על תוצרי הלמידה בגילאי כתות היסוד הגבוהות: מחקר סינכרון מוחי בין לומדים עם וללא סיכון לקשיי למידה,36,-1,60,2,-1,1,0,0,1,1,Field,Adaptation,2,1,1,1,1,365200,1,Extended,1,1
ציפי_הורוביץ_קראוס_25.txt,"קול קורא מס' 25/9.2025 למחקר בנושא ""היבטים חברתיים ורגשיים בשילוב AI במערכת החינוך""",פרופ' ציפי הורוביץ-קראוס,הגיל להתחיל: מדדים נוירוביולוגיים והשפעות קוגניטיביות וריגשיות של שימוש בבינה מלאכותית יוצרת,24,-1,1200,2,1,1,0,0,0,1,Field,Adaptation,2,1,1,1,1,222487,0,Extended,1,1
צמרת_ריקון_24.txt,קול קורא מס 15/5.2024 למחקר בנושא חינוך בצל משבר מתמשך בחברה הערבית,"ד""ר צמרת ריקון","חוויות הורים יהודים וערבים שקיבלו הוראת פינוי מביתם מצפון הארץ במלחמת ""חרבות ברזל"" והקשר בין תפיסת שליטה, חוסן נפשי וקהילתי לביטויי חרדה: מחקר משולב",18,-1,240,4,1,1,1,0,0,0,Online,Existing,2,0,0,0,1,160000,1,Extended,1,0
קורץ_אמזלג_אבידב_25.txt,"קול קורא מס' 24/9.2025 בנושא ""השפעות בינה מלאכותית יוצרת על תלמידים ועובדי הוראה: חקר מגמות, דפוסים והשפעות""",פרופ' גילה קורץ,"ממשקים, תפיסות והשפעות של שימוש בבינה מלאכותית יוצרת (GenAI) בקרב תלמידים, מורים והורים: ניתוח אקולוגי חדשני רב-תחומי ליצירת פרופילים של משתמשים",36,10,-1,5,2,1,1,1,0,0,Mixed,Adaptation,-1,0,0,0,1,271000,1,Standard,0,1
קפון_הד_מצוינים_25.txt,"קול קורא מס' 26/9.2025 למחקר בנושא ""מחקר מלווה רב תחומי לתכנית ישראל ריאלית: קידום מקצועות ה- STEM""","שולמית קפון, עינת הד מצויינים, טלי טל, מירי ברק",מחקר מלווה רב תחומי לתוכנית ישראל ריאלית: קידום מקצועות ה- STEM,48,200,-1,2,3,1,1,0,1,1,Mixed,New,2,1,1,1,1,3504400,0,Extended,0,1
ראובן_בבאי_21.txt,קול קורא מס' 27.11/2021 למחקר בנושא החינוך בחברה הערבית בישראל,"ד""ר ראובן בבאי",שיפור הישגי תלמידים בחברה הערבית באמצעות קידום סכמות חשיבה גבוהות,18,-1,500,-1,-1,0,0,0,0,1,Field,Adaptation,-1,-1,-1,-1,1,223000,1,Unknown,1,-1
ראויה_חאיק_25.txt,"השפעות בינה מלאכותית יוצרת על תלמידים ועובדי הוראה: חקר מגמות, דפוסים והשפעות",ראויה חאיק,"השפעות בינה מלאכותית יוצרת על תלמידים ועובדי הוראה: חקר מגמות, דפוסים והשפעות",36,80,3900,2,-1,1,0,0,0,1,Mixed,New,-1,0,0,0,1,285685,1,Standard,0,1
ענבר_אלון_לבקוביץ_25.txt,"קול קורא מס' 24/9.2025 למחקר בנושא ""השפעות בינה מלאכותית יוצרת על תלמידים ועובדי הוראה: חקר מגמות, דפוסים והשפעות""","ד""ר לילך אלון, פרופ' ענבר לבקוביץ'",השפעת מנגנונים קוגניטיביים ואמון באוטומציה על אוריינות מידע ושימוש בבינה מלאכותית יוצרת בקרב תלמידי מהחברה היהודית וערבית ומורים,36,-1,900,3,-1,1,1,0,0,1,Mixed,Adaptation,2,1,0,0,1,392195,1,Standard,1,1
ענת_כהן_25.txt,היבטים חברתיים ורגשיים בשילוב AI במערכת החינוך,ענת כהן,קידום מיומנויות חברתיות-רגשיות בסיוע בינה מלאכותית בקרב גילאים ומגדרים שונים: באמצעות יומנים אישיים רפלקטיביות וסימולציות,24,-1,480,2,3,1,0,1,0,1,Mixed,New,2,1,0,0,1,264703,0,Extended,0,1
ענת_מועד_21.txt,קול קורא מס' 26/11.2021 למחקר בנושאים בחינוך הקשורים להשפעות תקופת הקורונה על מערכת החינוך,"דר' ענת מועד, פרופ. אסתר עדי-יפה","חוסר היציבות במסגרות לגיל הרך על רקע מגיפת הקורונה: הערכת השלכות בקרב צוותי חינוך, הורים וילדים",18,-1,1500,2,3,1,0,0,0,0,SurveyInstitute,Validation,-1,0,0,0,0,100000,1,Unknown,0,0
ענת_רביב_23.txt,"שיקולים של בוגרי החמ""ד בבחירת קריירה בהוראה, בחירת מוסד הכשרה להוראה ובחירת התמחות והשמה בהוראה.","ד""ר ענת רביב","שחיקה בתהליכי הכשרה והשמה – פרישה בראשיתית של ""פרחי הוראה"" בחמ""ד",18,-1,540,-1,-1,1,1,0,0,0,Mixed,Adaptation,-1,1,0,0,1,197588.64,1,Unknown,1,-1
עפר_גולן_25.txt,"קול קורא מס' 25/9.2025 למחקר בנושא ""היבטים חברתיים ורגשיים בשילוב AI במערכת החינוך""",פרופ' עפר גולן,"קידום יכולות חברתיות ורגשיות בקרב מתבגרים באמצעות מערכת מבוססת AI - בחינת התכתבות, קבילות, יעילות ראשונית ומנבאי הצלחה.",24,-1,60,1,3,1,1,0,0,1,Online,Adaptation,1,1,0,0,1,132300,1,Extended,0,1
ערן_ברק_25.txt,"קול קורא מס' 25/9.2025 למחקר בנושא ""היבטים חברתיים ורגשיים בשילוב AI במערכת החינוך""","ד""ר ערן ברק-מדינה","השפעת ניהול יומן רפלקציה בעזרת בינה מלאכותית (AI Journaling), המתבסס על ידע מתחום הלמידה החברתית-רגשית, על שלומות, תחושת משמעות ומסוגלות אישית ובינאישית",24,-1,250,1,2,1,0,0,0,0,Online,New,1,0,0,0,1,189000,1,Standard,0,1
ערן_תמיר_24.txt,"קול קורא מס' 26/8.24 למחקר בנושא ""התנדבות תלמידים בעת מלחמת """"חרבות ברזל""""""""","ד""ר ערן תמיר","פרקטיקות קולקטיביות בקרב דור ה-I: התנדבות תלמידים בעת מלחמת ""חרבות ברזל""",18,21,-1,2,2,1,1,1,0,0,Mixed,Adaptation,1,0,0,0,1,192106,1,Extended,0,0
פאידה_נסר_24.txt,קול קורא מס 15/5.2024 למחקר בנושא חינוך בצל משבר מתמשך בחברה הערבית,פאדיה נאסר-אבו אלהיג'א,שלומות ורווחה רגשית בקרב צוותי הוראה וניהול בחברה הערבית,18,60,1920,3,1,1,1,0,0,0,Online,Adaptation,3,1,1,0,1,158438,0,Extended,0,1
פרג_סלאח_24.txt,קול קורא מס 15/5.2024 למחקר בנושא חינוך בצל משבר מתמשך בחברה הערבית,"ד""ר ג'נאן פראג'-פלאח","""זה לא הספיק, לפחות לדור של היום"": קידום חינוך מיני מותאם תרבותית במערכת החינוך הערבית בישראל",24,-1,30,1,1,0,1,0,0,0,Field,New,2,1,0,0,0,34491.4,1,Extended,0,0
צוילינג_25.txt,"קול קורא מס' 24/9.2025 למחקר בנושא ""השפעות בינה מלאכותית יוצרת על תלמידים ועובדי הוראה: חקר מגמות, דפוסים והשפעות""",פרופ' מוטי צווילינג,"השפעות הבינה המלאכותית היוצרת על תלמידים ועובדי הוראה: חקר מגמות, דפוסים והשפעות",36,-1,1030,-1,-1,1,1,0,0,0,Mixed,Adaptation,-1,1,0,0,1,153999,1,Extended,1,1
ציבולסקי_25.txt,"השפעות בינה מלאכותית יוצרת על תלמידים ועובדי הוראה: חקר מגמות, דפוסים והשפעות",דינה ציבולסקי,"השפעות בינה מלאכותית יוצרת על תלמידים ועובדי הוראה: חקר מגמות, דפוסים והשפעות",36,50,1050,3,2,1,1,0,0,1,Mixed,New,-1,0,0,0,1,363000,1,Extended,0,1
ציפי_הורוביץ_23.txt,קול קורא מס' 33/9.2023 למחקר ופיתוח בנושא השפעת תהליכי התערבות על פיתוח אוריינות לשונית בשפה העברית והערבית לדוברי ערבית,פרופ' ציפי הורוביץ-קראוס,שיפור רכישת קריאה על ידי התערבות כיתתית של קריאה דיאלוגית בערבית ספרותית בקרב ילדים דוברי ערבית - מחקר מוח קצר וארוך טווח,36,-1,180,2,3,1,0,0,0,1,Field,Existing,2,1,1,1,1,210700,0,Extended,1,1
ציפי_הורוביץ_קראוס_21.txt,קול קורא מס' 27.11/2021 למחקר בנושא החינוך בחברה הערבית בישראל,ציפי הורוביץ-קראוס,השפעתה של קריאה דיאלוגית בערבית סיפרותית על מוכנות לרכישת קריאה בילדים דוברי ערבית: מחקר סינכרון פעילות מוחית,18,-1,60,-1,3,1,0,0,0,1,Unknown,Unknown,-1,1,0,0,1,179311,0,Unknown,1,-1
רימא_דעס_21.txt,קול קורא מס' 27/11.2021 למחקר בנושא החינוך בחברה הערבית בישראל,Unknown,תפקיד מחנכי כיתות ומאפיינים ארגוניים כגורמי חוסן מפני מעורבות בהתנהגויות סיכון בקרב תלמידי תיכון בחברה הערבית בישראל,18,75,-1,-1,-1,1,0,0,0,0,Mixed,Adaptation,-1,1,0,1,1,-1,1,Unknown,0,-1
רימאא_דעאס_21.txt,קול קורא מס' 26/11.2021 למחקר בנושאים בחינוך הקשורים להשפעות תקופת הקורונה על מערכת החינוך,רימאא דעאס,"מנהלים משבר: פיתוח כלי למדידת ""ניהול בזמן משבר""",18,300,2500,2,-1,1,0,0,0,0,Mixed,New,2,1,0,0,0,115500,1,Unknown,0,0
רימאא_דעאס_24.txt,קול קורא מס' 15/5.2024 בנושא מחקר חינוך בצל משבר מתמשך בחברה הערבית,רימאא דעאס,"קבלת החלטות של מנהלים בעת משבר: אתגרים, קשיים והיבטים של רווח והפסד בראי תורת המשחקים",18,25,25,1,2,0,1,0,0,0,Field,New,2,1,0,0,0,78000,1,Extended,1,1
רינת_כהן_24.txt,קול קורא מס 15/5.2024 למחקר בנושא חינוך בצל משבר מתמשך בחברה הערבית,"ד""ר רינת כהן",גורמי סיכוי וסיכון בקרב מתבגרים ומתבגרות בחברה הבדואית בצל זהות במשבר: מודל פסיכו-חינוכי-התנהגותי,18,7,1200,1,2,1,1,0,0,0,Field,Adaptation,2,1,0,0,1,152046,1,Standard,0,1
שושי_דורפברגר_24.txt,"קול קורא מס' 27/8.24 למחקר בנושא ""קבלת החלטות בית ספריות מבוססות נתונים בקרב מנהלי בתי ספר""","ד""ר אנאבל פרידלנדר-ליפסיק, ד""ר שושי דורפברגר",הקשר בין קבלת החלטות מבוססת נתונים על ידי מנהלי בתי ספר לבין ביצועי בית ספר ויעילות ניהולית,18,500,-1,2,1,1,1,0,0,0,Mixed,Adaptation,-1,1,1,1,0,179800,1,Extended,0,0
שטיינברג_25.txt,"קול קורא מס' 24/9.2025 למחקר בנושא ""השפעות בינה מלאכותית יוצרת על תלמידים ועובדי הוראה: חקר מגמות, דפוסים והשפעות""","ד""ר שרון שטיינברג","השפעות בינה מלאכותית יוצרת על תלמידים ועובדי הוראה: חקר מגמות, דפוסים והשפעות",36,8,-1,3,2,1,1,1,0,0,Mixed,Adaptation,2,1,0,0,1,300000,1,Extended,0,1
שירלי_אברגיל_25.txt,"קול קורא מס' 26/9.2025 למחקר בנושא ""מחקר מלווה רב תחומי לתכנית ישראל ריאלית: קידום מקצועות ה- STEM""","פרופ""ח שירלי אברג'יל","הון אנושי וחינוך מדעי בר־קיימא: פדגוגיה, פיתוח מקצועי, טכנולוגיות חינוכיות וחדשנות",48,-1,-1,4,4,1,1,1,1,1,Mixed,New,4,1,1,0,1,2911024,1,Extended,1,1
שלומית_קרייטלר_24.txt,"קול קורא מס' 14/5.2024 למחקר ופיתוח בנושא הוראה, למידה והערכה של מתמטיקה בגילי היסוד",פרופ' שולמית קרייטלר,השפעת משתנים קוגניטיביים ומוטיבציוניים על למידת מתמטיקה בקרב תלמידי כיתות ד'-ו' בבית הספר היסודי,36,-1,540,-1,2,1,0,0,0,1,Mixed,Adaptation,-1,0,0,0,1,382800,0,Extended,0,0
שרה_זמיר_21.txt,קול קורא מס' 26/11.2021 למחקר בנושאים בחינוך הקשורים להשפעות תקופת הקורונה על מערכת החינוך,פרופ' שרה זמיר,פוסט-קורונה בבתי ספר יסודיים ועל-יסודיים: גורמים בתרבות הבית ספרית לשימור ופיתוח של תהליכי הוראה-למידה דיגיטליים,18,-1,200,2,-1,1,0,0,0,0,Online,Unknown,-1,0,0,0,0,114000,1,Unknown,1,0
שרית_אשכנזי_24.txt,"קול קורא מס' 14/5.2024 למחקר ופיתוח בנושא הוראה, למידה והערכה של מתמטיקה בגילי היסוד","ד""ר אליק פלטניק, ד""ר שרית אשכנזי",להבנות את הידע באמצעות בניה: עיצוב מחדש של הגיאומטריה בכיתות ה'-ו',36,-1,300,-1,-1,1,0,1,1,1,Field,New,-1,-1,0,0,1,411577.5,0,Extended,1,1
תהילה_קלעגי_24.txt,"קול קורא מס' 27/8.24 למחקר בנושא ""קבלת החלטות בית ספריות מבוססות נתונים בקרב מנהלי בתי ספר""","ד""ר תהילה קלעג'י",קבלת החלטות בית ספריות מבוססות נתונים בקרב מנהלי ומנהלות בתי ספר: פיתוח מודל הוליסטי במבט רב תרבותי,18,-1,400,3,-1,1,1,0,0,0,Mixed,Adaptation,-1,1,0,0,1,178200,0,Extended,0,1
תומס_גומפל_24.txt,"קול קורא מס 31/9.24 למחקר בנושא ""יישום של גישת ה-MTSS בקרב צוותים חינוכיים""",פרופ' תומס גומפל,התמקצעות של מורים להוראה בכיתה ההטרוגנית: יישום של גישת ה-MTSS בקרב צוותים חינוכיים,60,10,-1,2,-1,1,1,0,1,0,Mixed,Adaptation,-1,0,1,0,1,848950,0,Extended,0,1
רוזה_לייקין_24.txt,"קול קורא מס' 14/5.2024 למחקר ופיתוח בנושא הוראה, למידה והערכה של מתמטיקה בגילי היסוד",רוזה לייקין,"חקר חשיבה קדם-אלגברית דרך עדשות קוגניטיבית, נוירו-קוגניטיבית ורגשית-קוגניטיבית בקרב תלמידי כיתות ה' ו-ו'",36,-1,500,2,1,1,1,0,0,1,Field,New,-1,0,0,0,1,310000,1,Standard,0,1
רול_25.txt,"השפעות בינה מלאכותית יוצרת על תלמידים ועובדי הוראה: חקר מגמות, דפוסים והשפעות",עדו רול,"אוריינות בינה מלאכותית בגילאי חטה""ב ותיכון - תמונת עומק ודגשים להוראה",36,-1,3000,2,3,1,1,1,0,1,Mixed,New,2,1,0,0,1,421800,0,Extended,0,1
רון_בלונדר_24.txt,קול קורא מס 15/5.2024 למחקר בנושא חינוך בצל משבר מתמשך בחברה הערבית,Ron Blonder,מתכוננים לקראת האתגר הבא: חקר המוכנות של מורי מדעים בחברה הערבית לאימוץ ושימוש בבינה מלאכותית בהוראה,18,-1,150,1,1,1,0,0,0,1,Mixed,Adaptation,1,1,0,0,0,56700,1,Standard,0,1
רונית_אנדולט_24.txt,קבלת החלטות בית ספריות מבוססות נתונים בקרב מנהלי בתי ספר,רונית אנדולט,"אינטגרציה של נתונים בריאותיים בתהליכי קבלת החלטות פדגוגיות: בחינת פוטנציאל, אתגרים והשלכות במערכת החינוך בישראל",18,-1,356,2,2,1,1,0,0,0,Mixed,New,2,1,1,0,1,210000,1,Extended,0,1
רות_ברקאי_24.txt,"קול קורא מס' 14/5.2024 למחקר ופיתוח בנושא הוראה, למידה והערכה של מתמטיקה בגילי היסוד","רותי ברקאי, איריס שרייבר",הוראת ארבע פעולות חשבון במספרים טבעיים בבית ספר יסודי: פיתוח מקצועי מבוסס נתוני ידע ותחושת מסוגלות עצמית של מורים,36,-1,100,2,2,1,1,0,0,1,Mixed,Adaptation,1,0,0,0,0,251200,1,Extended,1,0
רות_ברקוביץ_21.txt,קול קורא מס' 26/11.2021 למחקר בנושא השפעות תקופת הקורונה על מערכת החינוך,רות ברקוביץ',"רווחה נפשית והתנהגויות סיכון בקרב תלמידים ורווחה נפשית, שחיקה וכוונת עזיבה בקרב הצוות החינוכי במהלך משבר הקורונה ותקופת ההתאוששות מהמשבר: התפקיד של בית הספר בפרספקטיבה אקולוגית מערכתית",18,-1,-1,-1,1,1,1,0,0,0,Online,Unknown,2,1,1,1,1,193083,1,Unknown,0,-1
רחל_שיף_23.txt,קול קורא מס' 33/9.2023 למחקר ופיתוח בנושא השפעת תהליכי התערבות על פיתוח אוריינות לשונית בשפה העברית והערבית לדוברי ערבית,פרופ' אלינור סאיג-חדאד,בדיקת ההשפעה של תוכנית התערבות רב רכיבית ממוקדת דיגלוסיה על ההישגים האורייניים של תלמידים בסיכון לקשיי קריאה בכיתות א-ב: מחקר אורך בקרב דוברי ערבית כשפת אם,36,-1,300,2,3,1,0,0,1,1,Field,Existing,1,0,0,0,1,418000,0,Unknown,0,-1
ריאן_25.txt,"קול קורא מס' 25/9.2025 למחקר בנושא ""היבטים חברתיים ורגשיים בשילוב AI במערכת החינוך""",פרופ' ג'מאל ריאן,"השפעת שימוש בכלים מבוססי בינה מלאכותית יוצרת (Generative AI) ומודלי שפה גדולים (LLMs) על פיתוח מיומנויות חברתיות־רגשיות, אמפתיה ואינטראקציות בכיתה בקרב תלמידים ותפיסות המורים בעידן הדיגיטלי",24,-1,340,2,2,1,1,0,1,0,Mixed,New,-1,0,0,0,1,240000,1,Extended,0,1
מיכל_טבח_24.txt,"קול קורא מס' 14/5.2024 למחקר ופיתוח בנושא הוראה, למידה והערכה של מתמטיקה בגילי היסוד","מיכל טבח, ארנון הרשקוביץ",הבניית ידע מתמטי ופיתוח מיומנות פתרון בעיות באמצעות משימות סיווג דיגיטליות עם משוב מיידי,36,-1,1000,2,2,0,1,0,1,1,Mixed,New,-1,0,0,0,1,401830,1,Extended,0,1
מיכל_טנא_רינדה_25.txt,היבטים חברתיים ורגשיים בשילוב AI במערכת החינוך,"ד""ר מיכל טנא רינדה","מיפוי צרכים, דפוסי שימוש והשלכות חברתיות-רגשיות לאור שימוש ב-AI בקרב מתבגרים עם וללא מוגבלות",24,-1,300,2,3,1,1,1,1,1,Mixed,Adaptation,-1,1,0,0,1,104200,1,Extended,0,1
מיכל_ראזנר_21__2_.txt,קול קורא מס' 27/11.2021 למחקר בנושא החינוך בחברה הערבית בישראל,פרופ' מיכל ראזר,"מידת המסוגלות ודרכי התמודדות של המורה הערבי עם מציאות רווית קונפליקטים, קשיים שוויון, ופערים לימודיים-חברתיים, אי",18,-1,-1,-1,-1,1,1,1,0,0,Unknown,Unknown,-1,1,0,0,0,229320,1,Unknown,0,0
מיכל_ראזנר_21.txt,קול קורא מס' 26/11.2021 למחקר בנושאים בחינוך הקשורים להשפעות תקופת הקורונה על מערכת החינוך,"פרופ' מיכל ראזר, דר' לורה סיגד, דר' איסבל רמדאן","""אף פעם בתי ספר לא היו כך !"" : התמודדות השלכות משבר הקורונה על התנהגויות סיכון מסוג אלימות וניתוק בקרב תלמידים:ראיה רב תרבותית.",18,-1,-1,-1,-1,0,1,0,0,0,Field,New,-1,0,0,0,0,229320,1,Standard,0,0
מירי_בן_עמרם_ואפרים_גרוסמם_אריאל_25.txt,"קול קורא מס' 26/9.2025 ""מחקר מלווה רב תחומי לתכנית ישראל ריאלית: קידום מקצועות ה- STEM""","ד""ר אפרים גרוסמן","מחקר מלווה רב-תחומי לתוכנית ""ישראל ריאלית"": קידום מקצועות ה- STEM במערכת החינוך הישראלית - מערך להערכה מבוסס-ראיות ולבחינת היישום, השפעותיו ותנאי הצלחתו",48,70,-1,4,4,1,1,1,1,1,Mixed,Adaptation,2,1,1,1,1,1539000,1,Extended,1,1
מירי_גולדרט_24.txt,קול קורא מס 15/5.2024 בנושא מחקר חינוך בצל משבר מתמשך בחברה הערבית,"ד""ר אסמהאן מסרי-חרזאללה",משבר האלימות בחברה הערבית: התמודדות עם חוללות עצמית וקולקטיבית של אנשי חינוך בבית ספר ובקהילה,18,-1,340,2,2,1,1,1,0,0,Mixed,Adaptation,2,1,0,0,1,72000,1,Standard,0,1
מירי_טל_23.txt,קול קורא מס' 32/9.2023 למחקר בנושא תכניות להכשרה פדגוגית של מחנכים מטפלים במעונות יום לפעוטות,"ד""ר מירי טל סבן","תרומת תהליך ההכשרה הפדגוגי של מחנכות-מטפלות במעונות יום (לידה עד 3 שנים) לפיתוח ידע, מיומנויות, תפיסת המסוגלות, וכן להעלאת שביעות הרצון מהעיסוק בחינוך והפחתת שחיקה",36,-1,-1,4,-1,1,1,0,0,0,Mixed,Adaptation,-1,0,0,0,1,762336,1,Extended,0,0
מירי_ימיני_2_24.txt,קול קורא מס' 15/5.2024 למחקר בנושא חינוך בצל משבר מתמשך בחברה הערבית,Unknown,חינוך בלתי פורמלי בצל משבר מתמשך בחברה הערבית,18,3,35,3,2,0,1,0,0,0,Field,New,2,0,0,0,0,115000,1,Standard,0,0
יוסי_פיש_21.txt,קול קורא מס' 27/11.2021 למחקר בנושא החינוך בחברה הערבית בישראל,פרופ' יוסי הראל-פיש,גורמי חוסן והגנה וגורמי סיכון במרחבים של מערכת החינוך הפורמלית והבלתי פורמלית המנבאים את מצבם הנפשי והתפקודי של בני נוער ערבי בישראל: מחקר עומק מעורב וניתוח מגמות בין השנים 1998-2022 בהיבט בינלאומי,18,143,12000,4,-1,1,1,1,0,0,Mixed,Adaptation,3,1,0,1,1,169500,1,Extended,0,1
יניב_אפרתי_21.txt,קול קורא מס' 26/11.2021 למחקר בנושאים בחינוך הקשורים להשפעות תקופת הקורונה על מערכת החינוך,"ד""ר יניב אפרתי",מקומם של סכמות קוגניטיביות מוקדמות ווויסות רגשי קוגניטיבי בהתפתחותן של התמכרויות בקרב מתבגרים בישראל בימי קורונה,18,-1,1500,1,-1,1,0,0,0,0,Online,Adaptation,-1,0,0,0,0,101350,1,Standard,0,0
יעל_גרינשטיין_21.txt,קול קורא מס' 26/11.2021 למחקר בנושאים בחינוך הקשורים להשפעות תקופת הקורונה על מערכת החינוך,"ד""ר יעל גרינשטיין",אחריותיות (accountability) במקצוע ההוראה במצב מתמשך של מגיפת הקורונה,18,40,-1,2,-1,1,1,0,0,0,Field,Adaptation,-1,1,0,0,0,129961.1,1,Standard,0,1
יפית_גלבוע_21.txt,קול קורא מס' 26/11.2021 למחקר בנושאים בחינוך הקשורים להשפעות תקופת הקורונה על מערכת החינוך,"ד""ר יפית גלבוע","ניבוי רווחה אישית והתנהגויות סיכון בקרב מתבגרים ומתבגרות, תלמידי חטיבות הביניים בישראל, בתקופת ההתאוששות מנגיף הקורונה.",18,-1,1000,1,1,1,0,0,0,0,Online,Adaptation,1,0,0,0,0,171000,1,Unknown,0,0
ירדן_גליקסמן_24.txt,"קול קורא מס' 14/5.2024 למחקר ופיתוח בנושא הוראה, למידה והערכה של מתמטיקה בגילי היסוד",Unknown,תהליכים נוירופדגוגיים - ממיפוי להתערבות,36,-1,390,2,3,1,0,0,0,1,Field,Existing,1,0,0,0,1,421093,0,Standard,1,1
ישראלשווילי_25.txt,"קול קורא מס' 25/9.2025 למחקר בנושא ""היבטים חברתיים ורגשיים בשילוב AI במערכת החינוך""","ד""ר יעקב ישראלאשוילי",להבין מה שמרגישים: טיפוח היכולת החברתית להבנת רגשות בקרב תלמידים באמצעות כלים מבוססי AI,24,-1,360,-1,3,1,0,0,0,1,Mixed,Adaptation,1,1,1,1,1,230000,1,Extended,0,1
כרמל_אלטמן_21.txt,קול קורא מס' 2021.11/27 למחקר בנושא החינוך בחברה הערבית בישראל,"דר' כרמית אלטמן, דר' איריס הדר",אי שיוויון ופערים ופדגוגיה רלוונטית תרבות,18,3,120,3,4,0,0,0,0,1,Field,Adaptation,2,1,1,-1,1,226657,0,Unknown,0,-1
לינגבהיים_לוינגר_25.txt,"קול קורא מס' 26/9.2025 ""למחקר בנושא מחקר מלווה רב תחומי לתכנית ישראל ריאלית: קידום מקצועות ה-STEM""",אילון לנגבהיים,"עיצוב משותף של יחידות לימוד המשלבות מדעים מתמטיקה וטכנולוגיה בחטיבות הביניים במסגרת תוכנית ""ישראל ריאלית""",48,13,-1,3,-1,1,1,0,1,1,Mixed,Adaptation,2,1,1,0,1,2824500,1,Extended,1,1
מואפק_קדח_24.txt,קול קורא מס 15/5.2024 למחקר בנושא חינוך בצל משבר מתמשך בחברה הערבית,מואפק קדח,"תכונות מנהל בית הספר, מקורות של רווחה נפשית וחוסן מורים ומנהלים והשפעתם על מחויבות ארגונית בעת משברים ממושכים בבתי ספר מהחברה הערבית",18,15,30,2,2,0,1,0,0,0,Mixed,New,-1,1,0,0,0,152000,1,Extended,1,0
מיכל_איילון_21.txt,קול קורא מס' 26/11.2021 למחקר בנושאים בחינוך הקשורים להשפעות תקופת הקורונה על מערכת החינוך,מיכל איילון,חשיבה מחדש על מטרות ושיטות הערכה מעצבת: מה ניתן ללמוד מתגובות של מורי מתמטיקה בחטיבת הביניים למגפת הקורונה?,18,-1,-1,-1,-1,1,1,-1,-1,-1,Unknown,Unknown,-1,-1,-1,-1,-1,135159,1,Unknown,0,-1
מיכל_איילון_24.txt,"קול קורא מס' 14/5.2024 למחקר ופיתוח בנושא הוראה, למידה והערכה של מתמטיקה בגילי היסוד","ד""ר מיכל איילון ופרופ' אסתר לווינסון",קידום שיח מתמטי בכיתות היסוד: פיתוח מקצועי לרכזות מתמטיקה והטמעה עם מורות על-ידי הרכזות,36,2,140,2,2,1,1,1,1,0,Mixed,New,2,1,0,0,0,349300,1,Standard,0,0
מיכל_אל_יגון_24.txt,"קול קורא מס 31/9.24 למחקר בנושא ""יישום של גישת ה-MTSS בקרב צוותים חינוכיים""",פרופ' מיכל אל-יגון,שלומות בהתהוות - פיתוח ויישום מודל הוליסטי לטיפוח חוזקות ולאיתור סיכונים בקהילת בית הספר,60,16,8480,3,5,1,1,1,0,1,Mixed,Adaptation,1,1,1,1,1,675830,0,Extended,0,1
